file,line,reason,content
C:\Users\SUDARSHAN\OneDrive\Documents\Swyenx-Internship\Dataset_Task_1\datasets\SULAND_v2\data-ood\val\labels\US10\00080.txt,1,Bounding box outside image,1 0.26143181806416194 0.9553495162217149 0.18119036895535978 0.08930096755657041
C:\Users\SUDARSHAN\OneDrive\Documents\Swyenx-Internship\Dataset_Task_1\datasets\SULAND_v2\data-ood\val\labels\US10\00152.txt,1,Bounding box outside image,0 0.5459317585301836 0.9166666666666669 0.17147856517935253 0.16666666666666674
C:\Users\SUDARSHAN\OneDrive\Documents\Swyenx-Internship\Dataset_Task_1\datasets\SULAND_v2\data-ood\val\labels\US10\00194.txt,1,Bounding box outside image,0 0.12113870381586915 0.7396449704142007 0.24227740763173833 0.1327866561058565
C:\Users\SUDARSHAN\OneDrive\Documents\Swyenx-Internship\Dataset_Task_1\datasets\SULAND_v2\data-ood\val\labels\US2\00116.txt,1,Bounding box outside image,1 0.977049 0.717565 0.045903 0.087943
C:\Users\SUDARSHAN\OneDrive\Documents\Swyenx-Internship\Dataset_Task_1\datasets\SULAND_v2\data-ood\val\labels\US2\00198.txt,1,Bounding box outside image,0 0.8283014775243772 0.9553564672588871 0.1634407300352609 0.08928706548222606
C:\Users\SUDARSHAN\OneDrive\Documents\Swyenx-Internship\Dataset_Task_1\datasets\SULAND_v2\data-ood\val\labels\US2\00256.txt,1,Bounding box outside image,1 0.022187 0.679703 0.044375 0.085802
C:\Users\SUDARSHAN\OneDrive\Documents\Swyenx-Internship\Dataset_Task_1\datasets\SULAND_v2\data-ood\val\labels\US2\00308.txt,3,Bounding box outside image,1 0.9821503476219803 0.8119651652392761 0.03569930475603968 0.04772841831514042
C:\Users\SUDARSHAN\OneDrive\Documents\Swyenx-Internship\Dataset_Task_1\datasets\SULAND_v2\data-ood\val\labels\US3\00065.txt,1,Bounding box outside image,0 0.06211723534558182 0.6548556430446194 0.12423447069116365 0.18372703412073477
C:\Users\SUDARSHAN\OneDrive\Documents\Swyenx-Internship\Dataset_Task_1\datasets\SULAND_v2\data-ood\val\labels\US4\00114.txt,1,Bounding box outside image,0 0.8746062586475903 0.6894153492890576 0.2507874827048196 0.2042303276516823
C:\Users\SUDARSHAN\OneDrive\Documents\Swyenx-Internship\Dataset_Task_1\datasets\SULAND_v2\data-ood\val\labels\US4\00335.txt,1,Bounding box outside image,0 0.9079601990049752 0.8162313432835816 0.18407960199005008 0.2593283582089551
C:\Users\SUDARSHAN\OneDrive\Documents\Swyenx-Internship\Dataset_Task_1\datasets\SULAND_v2\data-ood\val\labels\US5\00062.txt,1,Bounding box outside image,1 0.9334834702228502 0.9586019606111453 0.13303305955429998 0.08279607877770932
C:\Users\SUDARSHAN\OneDrive\Documents\Swyenx-Internship\Dataset_Task_1\datasets\SULAND_v2\data-ood\val\labels\US5\00407.txt,1,Bounding box outside image,0 0.9527363184079601 0.953358208955224 0.09452736318407971 0.09328358208955213
C:\Users\SUDARSHAN\OneDrive\Documents\Swyenx-Internship\Dataset_Task_1\datasets\SULAND_v2\data-ood\val\labels\US5\00416.txt,1,Bounding box outside image,0 0.9813432835820897 0.2966417910447761 0.03731343283582092 0.04850746268656717
C:\Users\SUDARSHAN\OneDrive\Documents\Swyenx-Internship\Dataset_Task_1\datasets\SULAND_v2\data-ood\val\labels\US6\00037.txt,1,Bounding box outside image,1 0.9648187633262261 0.07462686567164173 0.07036247334754815 0.07675906183368864
C:\Users\SUDARSHAN\OneDrive\Documents\Swyenx-Internship\Dataset_Task_1\datasets\SULAND_v2\data-ood\val\labels\US6\00052.txt,1,Bounding box outside image,1 0.8885895963967145 0.7784408473271847 0.22282080720657121 0.209434652603424
C:\Users\SUDARSHAN\OneDrive\Documents\Swyenx-Internship\Dataset_Task_1\datasets\SULAND_v2\data-ood\val\labels\US6\00085.txt,1,Bounding box outside image,1 0.9398968807694408 0.551343031251183 0.12020623846111876 0.12111883524053453
C:\Users\SUDARSHAN\OneDrive\Documents\Swyenx-Internship\Dataset_Task_1\datasets\SULAND_v2\data-ood\val\labels\US6\00086.txt,1,Bounding box outside image,1 0.9348502626344188 0.6327197486784166 0.13029947473116257 0.13247372604433452
C:\Users\SUDARSHAN\OneDrive\Documents\Swyenx-Internship\Dataset_Task_1\datasets\SULAND_v2\data-ood\val\labels\US6\00090.txt,1,Bounding box outside image,1 0.9314858505444039 0.9047450827014548 0.13702829891119253 0.1678000529894904
C:\Users\SUDARSHAN\OneDrive\Documents\Swyenx-Internship\Dataset_Task_1\datasets\SULAND_v2\data-ood\val\labels\US6\00117.txt,1,Bounding box outside image,0 0.9136460554371003 0.9402985074626866 0.1727078891257997 0.11940298507462663
C:\Users\SUDARSHAN\OneDrive\Documents\Swyenx-Internship\Dataset_Task_1\datasets\SULAND_v2\data-ood\val\labels\US6\00304.txt,1,Bounding box outside image,1 0.9268597839206336 0.6393159916699277 0.14628043215873335 0.12253819659100937
C:\Users\SUDARSHAN\OneDrive\Documents\Swyenx-Internship\Dataset_Task_1\datasets\SULAND_v2\data-ood\val\labels\US6\00336.txt,1,Bounding box outside image,1 0.8345771144278606 0.951492537313433 0.20149253731343272 0.09701492537313432
C:\Users\SUDARSHAN\OneDrive\Documents\Swyenx-Internship\Dataset_Task_1\datasets\SULAND_v2\data-ood\val\labels\US6\00389.txt,1,Bounding box outside image,0 0.9241293532338307 0.9244402985074625 0.15174129353233887 0.15111940298507487
C:\Users\SUDARSHAN\OneDrive\Documents\Swyenx-Internship\Dataset_Task_1\datasets\SULAND_v2\data-ood\val\labels\US6\00442.txt,1,Bounding box outside image,0 0.7337877330200642 0.026128940048192197 0.12977373557268776 0.0522578800963844
C:\Users\SUDARSHAN\OneDrive\Documents\Swyenx-Internship\Dataset_Task_1\datasets\SULAND_v2\data-ood\val\labels\US6\00467.txt,1,Bounding box outside image,0 0.8781094527363184 0.9505597014925374 0.15422885572139322 0.09888059701492537
C:\Users\SUDARSHAN\OneDrive\Documents\Swyenx-Internship\Dataset_Task_1\datasets\SULAND_v2\data-ood\val\labels\US8\00125.txt,1,Bounding box outside image,0 0.9732255880361507 0.8042259118608137 0.05354882392769929 0.12253819659100937
C:\Users\SUDARSHAN\OneDrive\Documents\Swyenx-Internship\Dataset_Task_1\datasets\SULAND_v2\data-ood\val\labels\US8\00248.txt,1,Bounding box outside image,0 0.9283317142100149 0.9509626424092553 0.14333657157997054 0.09807471518148947
C:\Users\SUDARSHAN\OneDrive\Documents\Swyenx-Internship\Dataset_Task_1\datasets\SULAND_v2\data-ood\val\labels\US9\00284.txt,1,Bounding box outside image,1 0.6494380510128545 0.9596204320613773 0.16286425735244647 0.08075913587724601
C:\Users\SUDARSHAN\OneDrive\Documents\Swyenx-Internship\Dataset_Task_1\datasets\SULAND_v2\data-ood\val\labels\US9\00314.txt,1,Bounding box outside image,0 0.5673329295376535 0.9096507167373312 0.21939565246651838 0.18069856652533786
C:\Users\SUDARSHAN\OneDrive\Documents\Swyenx-Internship\Dataset_Task_1\datasets\SULAND_v2\data-ood\val\labels\US9\00320.txt,1,Bounding box outside image,0 0.8311461067366577 0.9547244094488194 0.1399825021872266 0.09055118110236197
C:\Users\SUDARSHAN\OneDrive\Documents\Swyenx-Internship\Dataset_Task_1\datasets\SULAND_v2\data-iid\val\labels\ITA-v3\ITA-v3-21.txt,1,Bounding box outside image,1 0.9908548709831329 0.38971313982204675 0.018290258033734547 0.029525700260977245
C:\Users\SUDARSHAN\OneDrive\Documents\Swyenx-Internship\Dataset_Task_1\datasets\SULAND_v2\data-iid\val\labels\ITA-v3\ITA-v3-65.txt,1,Bounding box outside image,0 0.05378206826586229 0.6368929136746848 0.1075641365317246 0.05434819530023986
C:\Users\SUDARSHAN\OneDrive\Documents\Swyenx-Internship\Dataset_Task_1\datasets\SULAND_v2\data-iid\val\labels\ITA-v33\ITA-v33-181.txt,1,Bounding box outside image,0 0.34986650724529367 0.9265450172895199 0.28985704160127895 0.14690996542096058
C:\Users\SUDARSHAN\OneDrive\Documents\Swyenx-Internship\Dataset_Task_1\datasets\SULAND_v2\data-iid\val\labels\ITA-v33\ITA-v33-363.txt,1,Bounding box outside image,0 0.8748859254025732 0.9435288283208445 0.25022814919485425 0.11294234335831078
C:\Users\SUDARSHAN\OneDrive\Documents\Swyenx-Internship\Dataset_Task_1\datasets\SULAND_v2\data-iid\val\labels\ITA-v33\ITA-v33-364.txt,1,Bounding box outside image,0 0.9071551663620905 0.9367353039083147 0.18568966727581937 0.12652939218337067
C:\Users\SUDARSHAN\OneDrive\Documents\Swyenx-Internship\Dataset_Task_1\datasets\SULAND_v2\data-iid\val\labels\ITA-v7\ITA-v7-393.txt,1,Bounding box outside image,0 0.9416889154591178 0.6194845073675771 0.1166221690817646 0.061990910264335994
C:\Users\SUDARSHAN\OneDrive\Documents\Swyenx-Internship\Dataset_Task_1\datasets\SULAND_v2\data-iid\train\labels\ITA-v16\ITA-v16-497.txt,1,Bounding box outside image,0 0.9862772976883554 0.2685603215221223 0.027445404623289527 0.0065094869939856595
C:\Users\SUDARSHAN\OneDrive\Documents\Swyenx-Internship\Dataset_Task_1\datasets\SULAND_v2\data-iid\train\labels\ITA-v20\ITA-v20-124.txt,1,Bounding box outside image,1 0.9473356994443957 0.7840614628366539 0.10532860111120917 0.11943553956939895
C:\Users\SUDARSHAN\OneDrive\Documents\Swyenx-Internship\Dataset_Task_1\datasets\SULAND_v2\data-iid\train\labels\ITA-v23\ITA-v23-619.txt,1,Bounding box outside image,0 0.965922549292681 0.4746975183255321 0.06815490141463833 0.03736438426891498
C:\Users\SUDARSHAN\OneDrive\Documents\Swyenx-Internship\Dataset_Task_1\datasets\SULAND_v2\data-iid\train\labels\ITA-v23\ITA-v23-620.txt,1,Bounding box outside image,0 0.9721291306152618 0.5317239299807113 0.05574173876947668 0.04180630407710751
C:\Users\SUDARSHAN\OneDrive\Documents\Swyenx-Internship\Dataset_Task_1\datasets\SULAND_v2\data-iid\train\labels\ITA-v25\ITA-v25-74.txt,1,Bounding box outside image,1 0.9819860460362758 0.5424965550326047 0.036027907927448595 0.06632410323007606
C:\Users\SUDARSHAN\OneDrive\Documents\Swyenx-Internship\Dataset_Task_1\datasets\SULAND_v2\data-iid\train\labels\ITA-v28\ITA-v28-402.txt,1,Bounding box outside image,1 0.9752629233932939 0.5675480964391008 0.0494741532134125 0.06243829551798317
C:\Users\SUDARSHAN\OneDrive\Documents\Swyenx-Internship\Dataset_Task_1\datasets\SULAND_v2\data-iid\train\labels\ITA-v28\ITA-v28-651.txt,1,Bounding box outside image,0 0.026378083332383614 0.43924082982522594 0.05275616666476724 0.0327057738427532
C:\Users\SUDARSHAN\OneDrive\Documents\Swyenx-Internship\Dataset_Task_1\datasets\SULAND_v2\data-iid\train\labels\ITA-v29\ITA-v29-329.txt,1,Bounding box outside image,0 0.9437869822485209 0.6314580941446611 0.11242603550295885 0.08831581736288975
C:\Users\SUDARSHAN\OneDrive\Documents\Swyenx-Internship\Dataset_Task_1\datasets\SULAND_v2\data-iid\train\labels\ITA-v29\ITA-v29-330.txt,1,Bounding box outside image,0 0.9611557596632225 0.6701492524174404 0.07768848067355545 0.08467278989667035
C:\Users\SUDARSHAN\OneDrive\Documents\Swyenx-Internship\Dataset_Task_1\datasets\SULAND_v2\data-iid\train\labels\ITA-v31\ITA-v31-330.txt,1,Bounding box outside image,1 0.9712581659469887 0.5856148688301073 0.057483668106023254 0.05552399760240841
C:\Users\SUDARSHAN\OneDrive\Documents\Swyenx-Internship\Dataset_Task_1\datasets\SULAND_v2\data-iid\train\labels\ITA-v31\ITA-v31-331.txt,1,Bounding box outside image,1 0.9898097133812052 0.6267026270558902 0.020380573237590058 0.0424595275783124
C:\Users\SUDARSHAN\OneDrive\Documents\Swyenx-Internship\Dataset_Task_1\datasets\SULAND_v2\data-iid\train\labels\ITA-v32\ITA-v32-147.txt,1,Bounding box outside image,0 0.8963987527089181 0.726057921589141 0.20720249458216414 0.09510934177541969
C:\Users\SUDARSHAN\OneDrive\Documents\Swyenx-Internship\Dataset_Task_1\datasets\SULAND_v2\data-iid\train\labels\ITA-v32\ITA-v32-152.txt,1,Bounding box outside image,0 0.9303228265381542 0.9459834412465259 0.13935434692369156 0.10803311750694845
C:\Users\SUDARSHAN\OneDrive\Documents\Swyenx-Internship\Dataset_Task_1\datasets\SULAND_v2\data-iid\train\labels\ITA-v32\ITA-v32-153.txt,1,Bounding box outside image,0 0.9337631369778328 0.9679855162059525 0.13247372604433452 0.06402896758809519
C:\Users\SUDARSHAN\OneDrive\Documents\Swyenx-Internship\Dataset_Task_1\datasets\SULAND_v2\data-iid\train\labels\ITA-v32\ITA-v32-313.txt,1,Bounding box outside image,1 0.9452736318407962 0.9710820895522388 0.10945273631840807 0.0578358208955224
C:\Users\SUDARSHAN\OneDrive\Documents\Swyenx-Internship\Dataset_Task_1\datasets\SULAND_v2\data-iid\train\labels\ITA-v32\ITA-v32-694.txt,1,Bounding box outside image,0 0.8933484602476918 0.9617864251795192 0.16530909403822933 0.07642714964096214
C:\Users\SUDARSHAN\OneDrive\Documents\Swyenx-Internship\Dataset_Task_1\datasets\SULAND_v2\data-iid\train\labels\ITA-v34\ITA-v34-29.txt,1,Bounding box outside image,1 0.7492125172951808 0.9679855162059525 0.20607024051340928 0.06402896758809519
C:\Users\SUDARSHAN\OneDrive\Documents\Swyenx-Internship\Dataset_Task_1\datasets\SULAND_v2\data-iid\train\labels\ITA-v34\ITA-v34-54.txt,1,Bounding box outside image,0 0.9054567852589582 0.36472734189770306 0.1890864294820841 0.06708605357373365
C:\Users\SUDARSHAN\OneDrive\Documents\Swyenx-Internship\Dataset_Task_1\datasets\SULAND_v2\data-iid\train\labels\ITA-v34\ITA-v34-56.txt,1,Bounding box outside image,0 0.8947003716057855 0.44030530098709897 0.2105992567884292 0.07218119688313095
C:\Users\SUDARSHAN\OneDrive\Documents\Swyenx-Internship\Dataset_Task_1\datasets\SULAND_v2\data-iid\train\labels\ITA-v35\ITA-v35-18.txt,1,Bounding box outside image,1 0.4670548033614359 0.9261204220137368 0.22078954340722415 0.14775915597252684
C:\Users\SUDARSHAN\OneDrive\Documents\Swyenx-Internship\Dataset_Task_1\datasets\SULAND_v2\data-iid\train\labels\ITA-v40\ITA-v40-104.txt,1,Bounding box outside image,1 0.854851821910022 0.9732504976256634 0.13813499638810953 0.05349900474867354
C:\Users\SUDARSHAN\OneDrive\Documents\Swyenx-Internship\Dataset_Task_1\datasets\SULAND_v2\data-iid\train\labels\ITA-v41\ITA-v41-537.txt,1,Bounding box outside image,0 0.8080897288704404 0.9365230062704231 0.241396567458565 0.12695398745915412
C:\Users\SUDARSHAN\OneDrive\Documents\Swyenx-Internship\Dataset_Task_1\datasets\SULAND_v2\data-iid\train\labels\ITA-v42\ITA-v42-420.txt,1,Bounding box outside image,0 0.7206797147625548 0.9762226645561453 0.09850610398168456 0.04755467088770984
C:\Users\SUDARSHAN\OneDrive\Documents\Swyenx-Internship\Dataset_Task_1\datasets\SULAND_v2\data-iid\train\labels\ITA-v42\ITA-v42-87.txt,1,Bounding box outside image,0 0.8531534408068895 0.9070136346034962 0.20720249458216414 0.18597273079300825
C:\Users\SUDARSHAN\OneDrive\Documents\Swyenx-Internship\Dataset_Task_1\datasets\SULAND_v2\data-iid\train\labels\ITA-v43\ITA-v43-744.txt,1,Bounding box outside image,0 0.5466978225467907 0.9484958393280829 0.10585570583626584 0.10300832134383443
C:\Users\SUDARSHAN\OneDrive\Documents\Swyenx-Internship\Dataset_Task_1\datasets\SULAND_v2\data-iid\train\labels\ITA-v45\ITA-v45-373.txt,1,Bounding box outside image,0 0.39175990778922853 0.9732504976256634 0.08152229295035966 0.05349900474867354
C:\Users\SUDARSHAN\OneDrive\Documents\Swyenx-Internship\Dataset_Task_1\datasets\SULAND_v2\data-iid\train\labels\ITA-v47\ITA-v47-452.txt,1,Bounding box outside image,1 0.9632017427654628 0.986837546450723 0.07359651446907478 0.026324907098553608
C:\Users\SUDARSHAN\OneDrive\Documents\Swyenx-Internship\Dataset_Task_1\datasets\SULAND_v2\data-iid\test\labels\ITA-v2\ITA-v2-228.txt,1,Bounding box outside image,1 0.9894131064750273 0.3145141947382692 0.0211737870499456 0.029269213446634954
C:\Users\SUDARSHAN\OneDrive\Documents\Swyenx-Internship\Dataset_Task_1\datasets\SULAND_v2\data-iid\test\labels\ITA-v2\ITA-v2-359.txt,1,Bounding box outside image,1 0.9691755502564483 0.4251859852918383 0.061648899487103836 0.05814151692628194
C:\Users\SUDARSHAN\OneDrive\Documents\Swyenx-Internship\Dataset_Task_1\datasets\SULAND_v2\data-iid\test\labels\ITA-v27\ITA-v27-200.txt,1,Bounding box outside image,1 0.9382692884138674 0.6747149178981412 0.12346142317226558 0.12947783349505396
C:\Users\SUDARSHAN\OneDrive\Documents\Swyenx-Internship\Dataset_Task_1\datasets\SULAND_v2\data-iid\test\labels\ITA-v36\ITA-v36-22.txt,1,Bounding box outside image,0 0.5181879348768174 0.9139289257080818 0.15003214150108302 0.17214214858383697
C:\Users\SUDARSHAN\OneDrive\Documents\Swyenx-Internship\Dataset_Task_1\datasets\SULAND_v2\data-iid\test\labels\ITA-v36\ITA-v36-23.txt,1,Bounding box outside image,0 0.5729646697388631 0.9395161290322582 0.15360983102918585 0.12096774193548378
C:\Users\SUDARSHAN\OneDrive\Documents\Swyenx-Internship\Dataset_Task_1\datasets\SULAND_v2\data-iid\test\labels\ITA-v44\ITA-v44-659.txt,1,Bounding box outside image,0 0.9694709081017606 0.2103618169246851 0.061058183796479426 0.04714050954875258
